film_title,film_id
Cleopatra,1
Eskimo,2
Flirtation Walk,3
Flying Down to Rio,4
Here Comes the Navy,5
Hide-Out,6
Imitation of Life,7
It Happened One Night,8
Manhattan Melodrama,9
Of Human Bondage,10
One Night of Love,11
Operator 13,12
She Loves Me Not,13
The Affairs of Cellini,14
The Barretts of Wimpole Street,15
The Gay Divorcee,16
The House of Rothschild,17
The Lost Patrol,18
The Merry Widow,19
The Richest Girl in the World,20
The Thin Man,21
The White Parade,22
Viva Villa!,23
"$1,000 a Minute",24
A Midsummer Night's Dream,25
Alice Adams,26
Barbary Coast,27
Becky Sharp,28
Black Fury,29
Bride of Frankenstein,30
Broadway Melody of 1936,31
Captain Blood,32
Dangerous,33
David Copperfield,34
Escape Me Never,35
G-Men,36
Gold Diggers of 1935,37
I Dream Too Much,38
Les Miserables,39
Love Me Forever,40
Mutiny on the Bounty,41
Naughty Marietta,42
Peter Ibbetson,43
Private Worlds,44
Roberta,45
Ruggles of Red Gap,46
Thanks a Million,47
The Crusades,48
The Dark Angel,49
The Gay Deception,50
The Informer,51
The Lives of a Bengal Lancer,52
The Scoundrel,53
Top Hat,54
A Tale of Two Cities,55
After the Thin Man,56
Anthony Adverse,57
Banjo on My Knee,58
Born to Dance,59
Come and Get It,60
Dodsworth,61
Fury,62
General Spanky,63
Libeled Lady,64
Lloyds of London,65
Mr. Deeds Goes to Town,66
My Man Godfrey,67
Pennies from Heaven,68
Pigskin Parade,69
Romeo and Juliet,70
San Francisco,71
"Sing, Baby, Sing",72
Suzy,73
Swing Time,74
That Girl from Paris,75
The Charge of the Light Brigade,76
The Garden of Allah,77
The General Died at Dawn,78
The Gorgeous Hussy,79
The Great Ziegfeld,80
The Magnificent Brute,81
The Story of Louis Pasteur,82
The Texas Rangers,83
Theodora Goes Wild,84
These Three,85
Three Smart Girls,86
Trail of the Lonesome Pine,87
Valiant Is the Word for Carrie,88
Winterset,89
A Damsel in Distress,90
A Star Is Born,91
Artists and Models,92
Black Legion,93
Camille,94
Captains Courageous,95
Conquest,96
Dead End,97
Every Day's a Holiday,98
Hitting a New High,99
In Old Chicago,100
Lost Horizon,101
Make a Wish,102
Manhattan Merry-Go-Round,103
Maytime,104
Mr. Dodd Takes the Air,105
Night Must Fall,106
One Hundred Men and a Girl,107
Portia on Trial,108
Quality Street,109
Shall We Dance,110
Snow White and the Seven Dwarfs,111
Something to Sing About,112
Souls at Sea,113
Stage Door,114
Stella Dallas,115
The Awful Truth,116
The Girl Said No,117
The Good Earth,118
The Hurricane,119
The Life of Emile Zola,120
The Prisoner of Zenda,121
Topper,122
Waikiki Wedding,123
Walter Wanger's Vogues of 1938,124
Way Out West,125
Wee Willie Winkie,126
Wells Fargo,127
Wings over Honolulu,128
You're a Sweetheart,129
Alexander's Ragtime Band,130
Algiers,131
Angels with Dirty Faces,132
Army Girl,133
Block-Heads,134
Blockade,135
Boys Town,136
Breaking the Ice,137
Carefree,138
Four Daughters,139
Girls' School,140
Going Places,141
Grand Illusion,142
Holiday,143
If I Were King,144
Jezebel,145
Kentucky,146
Mad about Music,147
Mannequin,148
Marie Antoinette,149
Merrily We Live,150
Of Human Hearts,151
Pacific Liner,152
Pygmalion,153
Storm over Bengal,154
Suez,155
Sweethearts,156
Test Pilot,157
That Certain Age,158
The Adventures of Robin Hood,159
The Adventures of Tom Sawyer,160
The Big Broadcast of 1938,161
The Buccaneer,162
The Citadel,163
The Cowboy and the Lady,164
The Goldwyn Follies,165
The Great Waltz,166
The Lady Objects,167
The Young in Heart,168
There Goes My Heart,169
Three Comrades,170
Tropic Holiday,171
Under Western Stars,172
Vivacious Lady,173
White Banners,174
You Can't Take It with You,175
Babes in Arms,176
Bachelor Mother,177
Balalaika,178
Beau Geste,179
Captain Fury,180
Dark Victory,181
Drums along the Mohawk,182
Eternally Yours,183
First Love,184
Four Feathers,185
Golden Boy,186
Gone with the Wind,187
"Goodbye, Mr. Chips",188
Gulliver's Travels,189
Gunga Din,190
Intermezzo,191
Juarez,192
Lady of the Tropics,193
Love Affair,194
Man of Conquest,195
Mr. Smith Goes to Washington,196
Ninotchka,197
Nurse Edith Cavell,198
Of Mice and Men,199
Only Angels Have Wings,200
Second Fiddle,201
She Married a Cop,202
Stagecoach,203
Swanee River,204
The Great Victor Herbert,205
The Hunchback of Notre Dame,206
The Man in the Iron Mask,207
The Mikado,208
The Private Lives of Elizabeth and Essex,209
The Rains Came,210
The Wizard of Oz,211
They Shall Have Music,212
Way Down South,213
When Tomorrow Comes,214
Wuthering Heights,215
Young Mr. Lincoln,216
Abe Lincoln in Illinois,217
"All This, and Heaven Too",218
Angels over Broadway,219
"Arise, My Love",220
Arizona,221
Behind the News,222
Bitter Sweet,223
Boom Town,224
Captain Caution,225
Comrade X,226
Down Argentine Way,227
Dr. Ehrlich's Magic Bullet,228
"Edison, the Man",229
Foreign Correspondent,230
Hit Parade of 1941,231
Irene,232
Kitty Foyle,233
Lillian Russell,234
Music in My Heart,235
My Favorite Wife,236
"My Son, My Son!",237
North West Mounted Police,238
Northwest Passage,239
One Million B.C.,240
Our Town,241
Pinocchio,242
Pride and Prejudice,243
Primrose Path,244
Rebecca,245
Rhythm on the River,246
Second Chorus,247
Spring Parade,248
Strike Up the Band,249
The Blue Bird,250
The Boys from Syracuse,251
The Dark Command,252
The Fight for Life,253
The Grapes of Wrath,254
The Great Dictator,255
The Great McGinty,256
The House of the Seven Gables,257
The Howards of Virginia,258
The Letter,259
The Long Voyage Home,260
The Mark of Zorro,261
The Philadelphia Story,262
The Sea Hawk,263
The Thief of Bagdad,264
The Westerner,265
They Knew What They Wanted,266
Tin Pan Alley,267
Too Many Husbands,268
Waterloo Bridge,269
You'll Find Out,270
All-American Co-Ed,271
All That Money Can Buy,272
Aloma of the South Seas,273
Appointment for Love,274
Back Street,275
Ball of Fire,276
Billy the Kid,277
Birth of the Blues,278
Blood and Sand,279
Blossoms in the Dust,280
Blues in the Night,281
Buck Privates,282
Cheers for Miss Bishop,283
Citizen Kane,284
Dive Bomber,285
Dr. Jekyll and Mr. Hyde,286
Dumbo,287
Here Comes Mr. Jordan,288
Hold Back the Dawn,289
How Green Was My Valley,290
Ice-Capades,291
King of the Zombies,292
Ladies in Retirement,293
Lady Be Good,294
Las Vegas Nights,295
Louisiana Purchase,296
Lydia,297
Meet John Doe,298
Mercy Island,299
Night Train,300
One Foot in Heaven,301
Penny Serenade,302
Ridin' on a Rainbow,303
Sergeant York,304
Skylark,305
So Ends Our Night,306
Sun Valley Serenade,307
Sundown,308
Sunny,309
Suspicion,310
"Tall, Dark and Handsome",311
Tanks a Million,312
That Hamilton Woman,313
That Uncertain Feeling,314
The Chocolate Soldier,315
The Devil and Miss Jones,316
The Devil Pays Off,317
The Flame of New Orleans,318
The Great Lie,319
The Lady Eve,320
The Little Foxes,321
The Maltese Falcon,322
The Men in Her Life,323
The Son of Monte Cristo,324
The Strawberry Blonde,325
This Woman Is Mine,326
"Tom, Dick and Harry",327
Topper Returns,328
When Ladies Meet,329
You'll Never Get Rich,330
Always in My Heart,331
Arabian Nights,332
Babes on Broadway,333
Bambi,334
Captains of the Clouds,335
Flying Tigers,336
Flying with Music,337
For Me and My Gal,338
Friendly Enemies,339
George Washington Slept Here,340
Hellzapoppin',341
Holiday Inn,342
I Married a Witch,343
It Started with Eve,344
Joan of Paris,345
Johnny Doughboy,346
Johnny Eager,347
Jungle Book,348
Kings Row,349
Klondike Fury,350
Moontide,351
Mrs. Miniver,352
My Gal Sal,353
My Sister Eileen,354
"Now, Voyager",355
Once upon a Honeymoon,356
One of Our Aircraft Is Missing,357
Orchestra Wives,358
Random Harvest,359
Reap the Wild Wind,360
Road to Morocco,361
Silver Queen,362
"Take a Letter, Darling",363
Ten Gentlemen from West Point,364
The Black Swan,365
The Corsican Brothers,366
The Gold Rush,367
The Invaders,368
The Magnificent Ambersons,369
The Mayor of 44th Street,370
The Pied Piper,371
The Pride of the Yankees,372
The Shanghai Gesture,373
The Spoilers,374
The Talk of the Town,375
The War against Mrs. Hadley,376
This above All,377
To Be or Not to Be,378
To the Shores of Tripoli,379
Tortilla Flat,380
Wake Island,381
Woman of the Year,382
Yankee Doodle Dandy,383
You Were Never Lovelier,384
Youth on Parade,385
Action in the North Atlantic,386
Air Force,387
Cabin in the Sky,388
Casablanca,389
Commandos Strike at Dawn,390
Coney Island,391
Corvette K-225,392
Destination Tokyo,393
Five Graves to Cairo,394
Flight for Freedom,395
For Whom the Bell Tolls,396
Hangmen Also Die,397
Heaven Can Wait,398
"Hello, Frisco, Hello",399
Hers to Hold,400
Hi Diddle Diddle,401
Hit Parade of 1943,402
Holy Matrimony,403
In Old Oklahoma,404
In Which We Serve,405
Johnny Come Lately,406
Lady of Burlesque,407
Lassie Come Home,408
Madame Curie,409
Mission to Moscow,410
Phantom of the Opera,411
Princess O'Rourke,412
Riding High,413
Sahara,414
Saludos Amigos,415
Shadow of a Doubt,416
So Proudly We Hail!,417
So This Is Washington,418
Something to Shout About,419
Stage Door Canteen,420
Star Spangled Rhythm,421
Thank Your Lucky Stars,422
The Amazing Mrs. Holliday,423
The Constant Nymph,424
The Fallen Sparrow,425
The Gang's All Here,426
The Human Comedy,427
The Kansan,428
The Moon and Sixpence,429
The More the Merrier,430
The North Star,431
The Ox-Bow Incident,432
The Sky's the Limit,433
The Song of Bernadette,434
This Is the Army,435
This Land Is Mine,436
Thousands Cheer,437
Victory through Air Power,438
Watch on the Rhine,439
A Guy Named Joe,440
Address Unknown,441
Brazil,442
Casanova Brown,443
Christmas Holiday,444
Cover Girl,445
Double Indemnity,446
Dragon Seed,447
Follow the Boys,448
Gaslight,449
Going My Way,450
Hail the Conquering Hero,451
Higher and Higher,452
His Butler's Sister,453
Hollywood Canteen,454
Home in Indiana,455
Irish Eyes Are Smiling,456
It Happened Tomorrow,457
Jack London,458
Janie,459
Kismet,460
Knickerbocker Holiday,461
Lady in the Dark,462
"Lady, Let's Dance",463
Laura,464
Lifeboat,465
Meet Me in St. Louis,466
Minstrel Man,467
Mr. Skeffington,468
Mrs. Parkington,469
Music in Manhattan,470
No Time for Love,471
None but the Lonely Heart,472
None Shall Escape,473
Sensations of 1945,474
Since You Went Away,475
Song of the Open Road,476
Step Lively,477
Summer Storm,478
Sweet and Lowdown,479
The Adventures of Mark Twain,480
The Bridge of San Luis Rey,481
The Climax,482
The Desert Song,483
The Fighting Seabees,484
The Hairy Ape,485
The Merry Monahans,486
The Miracle of Morgan's Creek,487
The Princess and the Pirate,488
The Seventh Cross,489
The Sullivans,490
The Uninvited,491
The White Cliffs of Dover,492
Thirty Seconds over Tokyo,493
Three Russian Girls,494
Two Girls and a Sailor,495
Up in Arms,496
Up in Mabel's Room,497
Voice in the Wind,498
Wilson,499
Wing and a Prayer,500
Woman of the Town,501
A Medal for Benny,502
A Song to Remember,503
A Thousand and One Nights,504
A Tree Grows in Brooklyn,505
Anchors Aweigh,506
Belle of the Yukon,507
Blood on the Sun,508
Brewster's Millions,509
Can't Help Singing,510
Captain Kidd,511
Dillinger,512
Earl Carroll Vanities,513
Experiment Perilous,514
Flame of Barbary Coast,515
Frenchman's Creek,516
G. I. Honeymoon,517
G. I. Joe,518
Guest in the House,519
Guest Wife,520
Here Come the Waves,521
Hitchhike to Happiness,522
Incendiary Blonde,523
Lady on a Train,524
Leave Her to Heaven,525
Love Letters,526
Marie-Louise,527
Mildred Pierce,528
Music for Millions,529
National Velvet,530
"Objective, Burma!",531
Paris--Underground,532
Pride of the Marines,533
Rhapsody in Blue,534
Salty O'Rourke,535
San Antonio,536
Sing Your Way Home,537
Spellbound,538
State Fair,539
Sunbonnet Sue,540
The Affairs of Susan,541
The Bells of St. Mary's,542
The Corn Is Green,543
The Enchanted Cottage,544
The House on 92nd Street,545
The Keys of the Kingdom,546
The Lost Weekend,547
The Man Who Walked Alone,548
The Picture of Dorian Gray,549
The Southerner,550
The Spanish Main,551
The Three Caballeros,552
The Unseen,553
The Valley of Decision,554
The Woman in the Window,555
They Were Expendable,556
This Love of Ours,557
Three Is a Family,558
Tonight and Every Night,559
"What Next, Corporal Hargrove?",560
Why Girls Leave Home,561
Wonder Man,562
Anna and the King of Siam,563
Blue Skies,564
Brief Encounter,565
Caesar and Cleopatra,566
Canyon Passage,567
Centennial Summer,568
Children of Paradise,569
Duel in the Sun,570
Henry V,571
Humoresque,572
It's a Wonderful Life,573
Kitty,574
Night and Day,575
Notorious,576
Open City,577
Road to Utopia,578
Saratoga Trunk,579
Sister Kenny,580
The Best Years of Our Lives,581
The Blue Dahlia,582
The Dark Mirror,583
The Dolly Sisters,584
The Green Years,585
The Harvey Girls,586
The Jolson Story,587
The Killers,588
The Razor's Edge,589
The Seventh Veil,590
The Spiral Staircase,591
The Strange Love of Martha Ivers,592
The Stranger,593
The Yearling,594
To Each His Own,595
Vacation from Marriage,596
A Cage of Nightingales,597
A Double Life,598
Black Narcissus,599
Body and Soul,600
Boomerang!,601
Captain from Castile,602
Crossfire,603
Fiesta,604
Forever Amber,605
Gentleman's Agreement,606
Good News,607
Great Expectations,608
Green Dolphin Street,609
It Happened on Fifth Avenue,610
Kiss of Death,611
Life with Father,612
Miracle on 34th Street,613
Monsieur Verdoux,614
Mother Wore Tights,615
Mourning Becomes Electra,616
My Wild Irish Rose,617
Odd Man Out,618
Possessed,619
Ride the Pink Horse,620
Road to Rio,621
Shoe-Shine,622
Smash-Up--The Story of a Woman,623
Song of the South,624
T-Men,625
The Bachelor and the Bobby-Soxer,626
The Bishop's Wife,627
The Egg and I,628
The Farmer's Daughter,629
The Foxes of Harrow,630
The Ghost and Mrs. Muir,631
The Paradine Case,632
The Perils of Pauline,633
"The Time, the Place and the Girl",634
A Foreign Affair,635
B. F.'s Daughter,636
Casbah,637
Easter Parade,638
Green Grass of Wyoming,639
Hamlet,640
I Remember Mama,641
Joan of Arc,642
Johnny Belinda,643
Key Largo,644
Louisiana Story,645
Moonrise,646
Portrait of Jennie,647
Red River,648
Romance on the High Seas,649
Sitting Pretty,650
"Sorry, Wrong Number",651
That Lady in Ermine,652
The Emperor Waltz,653
The Loves of Carmen,654
The Luck of the Irish,655
The Naked City,656
The Paleface,657
The Pirate,658
The Red Shoes,659
The Search,660
The Snake Pit,661
The Three Musketeers,662
The Treasure of the Sierra Madre,663
Wet Blanket Policy,664
When My Baby Smiles at Me,665
A Letter to Three Wives,666
All the King's Men,667
Battleground,668
Beyond the Forest,669
Champion,670
Come to the Stable,671
"Edward, My Son",672
It's a Great Feeling,673
It Happens Every Spring,674
Jolson Sings Again,675
Little Women,676
Look for the Silver Lining,677
Madame Bovary,678
Mother Is a Freshman,679
My Foolish Heart,680
Neptune's Daughter,681
On the Town,682
"Once More, My Darling",683
Paisan,684
Passport to Pimlico,685
Pinky,686
Prince of Foxes,687
Sand,688
Sands of Iwo Jima,689
Saraband,690
She Wore a Yellow Ribbon,691
So Dear to My Heart,692
The Adventures of Don Juan,693
The Barkleys of Broadway,694
The Bicycle Thief,695
The Fallen Idol,696
The Hasty Heart,697
The Heiress,698
The Quiet One,699
The Stratton Story,700
The Window,701
Twelve O'Clock High,702
White Heat,703
Adam's Rib,704
All about Eve,705
Annie Get Your Gun,706
Bitter Rice,707
Born Yesterday,708
Broken Arrow,709
Caged,710
"Captain Carey, U.S.A.",711
Cinderella,712
Cyrano de Bergerac,713
Destination Moon,714
Father of the Bride,715
Harvey,716
I'll Get By,717
King Solomon's Mines,718
Louisa,719
Mister 880,720
Mystery Street,721
No Sad Songs for Me,722
No Way Out,723
Our Very Own,724
Panic in the Streets,725
Samson and Delilah,726
Singing Guns,727
Sunset Blvd.,728
That Forsyte Woman,729
The Asphalt Jungle,730
The Black Rose,731
The Flame and the Arrow,732
The Furies,733
The Gunfighter,734
The Magnificent Yankee,735
The Men,736
The Red Danube,737
The Third Man,738
The Toast of New Orleans,739
The West Point Story,740
Three Little Words,741
Trio,742
Wabash Avenue,743
When Willie Comes Marching Home,744
A Place in the Sun,745
A Streetcar Named Desire,746
Alice in Wonderland,747
An American in Paris,748
Bright Victory,749
Bullfighter and the Lady,750
Come Fill the Cup,751
David and Bathsheba,752
Death of a Salesman,753
Decision before Dawn,754
Detective Story,755
Fourteen Hours,756
Go for Broke!,757
Golden Girl,758
Here Comes the Groom,759
House on Telegraph Hill,760
I Want You,761
Kind Lady,762
La Ronde,763
On the Riviera,764
Quo Vadis,765
"Rich, Young and Pretty",766
Royal Wedding,767
Seven Days to Noon,768
Show Boat,769
Strangers on a Train,770
Tales of Hoffmann,771
Teresa,772
The African Queen,773
The Big Carnival,774
The Blue Veil,775
The Frogmen,776
The Great Caruso,777
The Mating Season,778
The Model and the Marriage Broker,779
The Mudlark,780
The Strip,781
The Well,782
Too Young to Kiss,783
Two Tickets to Broadway,784
When Worlds Collide,785
Affair in Trinidad,786
Because You're Mine,787
Breaking the Sound Barrier,788
Carrie,789
"Come Back, Little Sheba",790
Five Fingers,791
Flat Top,792
Hans Christian Andersen,793
High Noon,794
Ivanhoe,795
Just for You,796
Million Dollar Mermaid,797
Miracle of Fatima,798
Moulin Rouge,799
My Cousin Rachel,800
My Son John,801
Navajo,802
Pat and Mike,803
Rashomon,804
Singin' in the Rain,805
Son of Paleface,806
Sudden Fear,807
The Atomic City,808
The Bad and the Beautiful,809
The Big Sky,810
The Greatest Show on Earth,811
The Jazz Singer,812
The Lavender Hill Mob,813
The Man in the White Suit,814
The Medium,815
The Member of the Wedding,816
The Merry Widow,817
The Narrow Margin,818
The Pride of St. Louis,819
The Promoter,820
The Quiet Man,821
The Sniper,822
The Snows of Kilimanjaro,823
The Star,824
The Thief,825
Viva Zapata!,826
With a Song in My Heart,827
Above and Beyond,828
All the Brothers Were Valiant,829
Beneath the 12-Mile Reef,830
Calamity Jane,831
Call Me Madam,832
Crazylegs,833
Dream Wife,834
From Here to Eternity,835
Hondo,836
How to Marry a Millionaire,837
Julius Caesar,838
Kiss Me Kate,839
Knights of the Round Table,840
Lili,841
Little Fugitive,842
Martin Luther,843
Miss Sadie Thompson,844
Mogambo,845
Pickup on South Street,846
Roman Holiday,847
Shane,848
Small Town Girl,849
Stalag 17,850
Take the High Ground,851
"The 5,000 Fingers of Dr. T",852
The Actress,853
The Band Wagon,854
The Caddy,855
The Captain's Paradise,856
The Cruel Sea,857
The Desert Rats,858
The Four Poster,859
The Mississippi Gambler,860
The Moon Is Blue,861
The Naked Spur,862
The President's Lady,863
The Robe,864
The Story of Three Loves,865
The War of the Worlds,866
This Is Cinerama,867
Titanic,868
Torch Song,869
Young Bess,870
"20,000 Leagues under the Sea",871
A Star Is Born,872
Adventures of Robinson Crusoe,873
"Bread, Love and Dreams",874
Brigadoon,875
Broken Lance,876
Carmen Jones,877
Desiree,878
Executive Suite,879
Forbidden Games,880
Gate of Hell,881
Genevieve,882
Indiscretion of an American Wife,883
It Should Happen to You,884
Knock on Wood,885
Le Plaisir,886
Magnificent Obsession,887
Night People,888
On the Waterfront,889
Rear Window,890
Red Garters,891
Rogue Cop,892
Sabrina,893
Seven Brides for Seven Brothers,894
Susan Slept Here,895
The Barefoot Contessa,896
The Caine Mutiny,897
The Country Girl,898
The Earrings of Madame de...,899
The Egyptian,900
The Glenn Miller Story,901
The High and the Mighty,902
The Silver Chalice,903
There's No Business Like Show Business,904
Three Coins in the Fountain,905
White Christmas,906
A Man Called Peter,907
Bad Day at Black Rock,908
Battle Cry,909
Blackboard Jungle,910
Daddy Long Legs,911
East of Eden,912
Guys and Dolls,913
I'll Cry Tomorrow,914
Interrupted Melody,915
It's Always Fair Weather,916
Love Is a Many-Splendored Thing,917
Love Me or Leave Me,918
Marty,919
Mister Roberts,920
Mr. Hulot's Holiday,921
Not as a Stranger,922
Oklahoma!,923
Pete Kelly's Blues,924
Picnic,925
Queen Bee,926
Rebel without a Cause,927
Strategic Air Command,928
Summertime,929
The Bridges at Toko-Ri,930
The Court-Martial of Billy Mitchell,931
The Man with the Golden Arm,932
The Pickwick Papers,933
The Private War of Major Benson,934
The Rose Tattoo,935
The Seven Little Foys,936
The Sheep Has Five Legs,937
The Tender Trap,938
The Virgin Queen,939
To Catch a Thief,940
Trial,941
Ugetsu,942
Unchained,943
Anastasia,944
Around the World in 80 Days,945
Baby Doll,946
Between Heaven and Hell,947
Bus Stop,948
Friendly Persuasion,949
Giant,950
High Society,951
Julie,952
La Strada,953
Lust for Life,954
Meet Me in Las Vegas,955
Richard III,956
Somebody Up There Likes Me,957
Stagecoach to Fury,958
Teenage Rebel,959
The Bad Seed,960
The Best Things in Life Are Free,961
The Bold and the Brave,962
The Brave One,963
The Eddy Duchin Story,964
The Harder They Fall,965
The King and I,966
The Ladykillers,967
The Magnificent Seven,968
The Man Who Knew Too Much,969
The Power and the Prize,970
The Proud and Profane,971
The Proud and the Beautiful,972
The Rainmaker,973
The Red Balloon,974
The Solid Gold Cadillac,975
The Ten Commandments,976
Umberto D.,977
War and Peace,978
Written on the Wind,979
12 Angry Men,980
A Farewell to Arms,981
A Hatful of Rain,982
An Affair to Remember,983
April Love,984
Boy on a Dolphin,985
Designing Woman,986
Funny Face,987
Gunfight at the O.K. Corral,988
"Heaven Knows, Mr. Allison",989
Les Girls,990
Man of a Thousand Faces,991
Pal Joey,992
Perri,993
Peyton Place,994
Raintree County,995
Sayonara,996
Tammy and the Bachelor,997
The Bachelor Party,998
The Bridge on the River Kwai,999
The Joker Is Wild,1000
The Three Faces of Eve,1001
The Tin Star,1002
Vitelloni,1003
Wild Is the Wind,1004
Witness for the Prosecution,1005
A Certain Smile,1006
A Time to Love and a Time to Die,1007
Auntie Mame,1008
"Bell, Book and Candle",1009
Cat on a Hot Tin Roof,1010
Cowboy,1011
Damn Yankees,1012
Desire under the Elms,1013
Gigi,1014
Houseboat,1015
I Want to Live!,1016
Lonelyhearts,1017
Mardi Gras,1018
Marjorie Morningstar,1019
Separate Tables,1020
Some Came Running,1021
South Pacific,1022
Teacher's Pet,1023
The Big Country,1024
The Bolshoi Ballet,1025
The Brothers Karamazov,1026
The Buccaneer,1027
The Defiant Ones,1028
The Goddess,1029
The Horse's Mouth,1030
The Inn of the Sixth Happiness,1031
The Old Man and the Sea,1032
The Sheepman,1033
The Young Lions,1034
Vertigo,1035
White Wilderness,1036
A Hole in the Head,1037
Anatomy of a Murder,1038
Ben-Hur,1039
Career,1040
Imitation of Life,1041
Journey to the Center of the Earth,1042
Li'l Abner,1043
Libel!,1044
North by Northwest,1045
On the Beach,1046
Operation Petticoat,1047
Pillow Talk,1048
Porgy and Bess,1049
Room at the Top,1050
Say One for Me,1051
Sleeping Beauty,1052
Some Like It Hot,1053
"Suddenly, Last Summer",1054
The 400 Blows,1055
The Best of Everything,1056
The Big Fisherman,1057
The Diary of Anne Frank,1058
The Five Pennies,1059
The Gazebo,1060
The Hanging Tree,1061
The Last Angry Man,1062
The Nun's Story,1063
The Young Land,1064
The Young Philadelphians,1065
Wild Strawberries,1066
Bells Are Ringing,1067
Butterfield 8,1068
Can-Can,1069
Cimarron,1070
Elmer Gantry,1071
Exodus,1072
High Time,1073
"Hiroshima, Mon Amour",1074
Inherit the Wind,1075
It Started in Naples,1076
Let's Make Love,1077
Midnight Lace,1078
"Murder, Inc.",1079
Never on Sunday,1080
Pepe,1081
Psycho,1082
Seven Thieves,1083
Song without End (The Story of Franz Liszt),1084
Sons and Lovers,1085
Spartacus,1086
Sunrise at Campobello,1087
The Alamo,1088
The Angry Silence,1089
The Apartment,1090
The Dark at the Top of the Stairs,1091
The Entertainer,1092
The Facts of Life,1093
The Magnificent Seven,1094
The Rise and Fall of Legs Diamond,1095
The Sundowners,1096
The Virgin Spring,1097
Tunes of Glory,1098
Visit to a Small Planet,1099
A Majority of One,1100
Babes in Toyland,1101
Bachelor in Paradise,1102
Back Street,1103
Ballad of a Soldier,1104
Breakfast at Tiffany's,1105
Claudelle Inglish,1106
El Cid,1107
Fanny,1108
Flower Drum Song,1109
General Della Rovere,1110
Judgment at Nuremberg,1111
Khovanshchina,1112
La Dolce Vita,1113
Lover Come Back,1114
One-Eyed Jacks,1115
"One, Two, Three",1116
Paris Blues,1117
Pocketful of Miracles,1118
Splendor in the Grass,1119
Summer and Smoke,1120
The Absent Minded Professor,1121
The Children's Hour,1122
The Guns of Navarone,1123
The Hustler,1124
The Mark,1125
The Parent Trap,1126
The Roman Spring of Mrs. Stone,1127
Town without Pity,1128
Two Women,1129
West Side Story,1130
Yojimbo,1131
Billy Budd,1132
Billy Rose's Jumbo,1133
Birdman of Alcatraz,1134
Bon Voyage!,1135
David and Lisa,1136
Days of Wine and Roses,1137
Divorce--Italian Style,1138
Freud,1139
Gigot,1140
Gypsy,1141
Hatari!,1142
Last Year at Marienbad,1143
Lawrence of Arabia,1144
Lolita,1145
Long Day's Journey into Night,1146
Meredith Willson's The Music Man,1147
Mutiny on the Bounty,1148
My Geisha,1149
Period of Adjustment,1150
Phaedra,1151
Sweet Bird of Youth,1152
Taras Bulba,1153
Tender Is the Night,1154
That Touch of Mink,1155
The Longest Day,1156
The Man Who Shot Liberty Valance,1157
The Manchurian Candidate,1158
The Miracle Worker,1159
The Pigeon That Took Rome,1160
The Wonderful World of the Brothers Grimm,1161
Through a Glass Darkly,1162
To Kill a Mockingbird,1163
Two for the Seesaw,1164
Walk on the Wild Side,1165
What Ever Happened to Baby Jane?,1166
55 Days at Peking,1167
A Gathering of Eagles,1168
A New Kind of Love,1169
America America,1170
Bye Bye Birdie,1171
"Captain Newman, M.D.",1172
Charade,1173
Cleopatra,1174
Come Blow Your Horn,1175
Federico Fellini's 8-1/2,1176
How the West Was Won,1177
Hud,1178
Irma La Douce,1179
"It's a Mad, Mad, Mad, Mad World",1180
Lilies of the Field,1181
Love with the Proper Stranger,1182
Mondo Cane,1183
Papa's Delicate Condition,1184
Sundays and Cybele,1185
The Balcony,1186
The Birds,1187
The Cardinal,1188
The Caretakers,1189
The Four Days of Naples,1190
The Great Escape,1191
The L-Shaped Room,1192
The Leopard,1193
The Stripper,1194
The Sword in the Stone,1195
The V.I.P.s,1196
This Sporting Life,1197
Tom Jones,1198
Toys in the Attic,1199
Twilight of Honor,1200
Wives and Lovers,1201
7 Faces of Dr. Lao,1202
A Hard Day's Night,1203
A House Is Not a Home,1204
Becket,1205
Cheyenne Autumn,1206
Dear Heart,1207
Dr. Strangelove or: How I Learned to Stop Worrying and Love the Bomb,1208
Fate Is the Hunter,1209
Father Goose,1210
Goldfinger,1211
"Hush...Hush, Sweet Charlotte",1212
Kisses for My President,1213
Marriage Italian Style,1214
Mary Poppins,1215
My Fair Lady,1216
"One Potato, Two Potato",1217
Robin and the 7 Hoods,1218
Seance on a Wet Afternoon,1219
Seven Days in May,1220
That Man from Rio,1221
The Americanization of Emily,1222
The Best Man,1223
The Chalk Garden,1224
The Fall of the Roman Empire,1225
The Lively Set,1226
The Night of the Iguana,1227
The Organizer,1228
The Pink Panther,1229
The Pumpkin Eater,1230
The Unsinkable Molly Brown,1231
The Visit,1232
Topkapi,1233
What a Way to Go!,1234
Where Love Has Gone,1235
Zorba the Greek,1236
A Patch of Blue,1237
A Rage to Live,1238
A Thousand Clowns,1239
Casanova '70,1240
Cat Ballou,1241
Darling,1242
Doctor Zhivago,1243
In Harm's Way,1244
Inside Daisy Clover,1245
King Rat,1246
Morituri,1247
Othello,1248
Shenandoah,1249
Ship of Fools,1250
The Agony and the Ecstasy,1251
The Collector,1252
The Flight of the Phoenix,1253
The Great Race,1254
The Greatest Story Ever Told,1255
The Pawnbroker,1256
The Pleasure Seekers,1257
The Sandpiper,1258
The Slender Thread,1259
The Sound of Music,1260
The Spy Who Came In from the Cold,1261
The Train,1262
The Umbrellas of Cherbourg,1263
Those Magnificent Men in Their Flying Machines,1264
Thunderball,1265
Von Ryan's Express,1266
What's New Pussycat?,1267
Woman in the Dunes,1268
A Funny Thing Happened on the Way to the Forum,1269
A Man and a Woman,1270
A Man for All Seasons,1271
Alfie,1272
An American Dream,1273
Blow-Up,1274
Born Free,1275
Fantastic Voyage,1276
Gambit,1277
Georgy Girl,1278
Grand Prix,1279
Hawaii,1280
Is Paris Burning?,1281
Juliet of the Spirits,1282
Khartoum,1283
Mandragola,1284
Mister Buddwing,1285
Morgan!,1286
Return of the Seven,1287
Seconds,1288
Stop the World--I Want to Get Off,1289
The Bible,1290
The Fortune Cookie,1291
The Gospel According to St. Matthew,1292
The Naked Prey,1293
The Oscar,1294
The Professionals,1295
The Russians Are Coming The Russians Are Coming,1296
The Sand Pebbles,1297
The Shop on Main Street,1298
The Singing Nun,1299
Who's Afraid of Virginia Woolf?,1300
You're a Big Boy Now,1301
Banning,1302
Barefoot in the Park,1303
Beach Red,1304
Bonnie and Clyde,1305
Camelot,1306
Casino Royale,1307
Cool Hand Luke,1308
Divorce American Style,1309
Doctor Dolittle,1310
Far from the Madding Crowd,1311
Guess Who's Coming to Dinner,1312
In Cold Blood,1313
In the Heat of the Night,1314
La Guerre Est Finie,1315
The Dirty Dozen,1316
The Graduate,1317
The Happiest Millionaire,1318
The Jungle Book,1319
The Taming of the Shrew,1320
The Whisperers,1321
Thoroughly Modern Millie,1322
Tobruk,1323
Two for the Road,1324
Ulysses,1325
Valley of the Dolls,1326
Wait until Dark,1327
2001: A Space Odyssey,1328
Bullitt,1329
Charly,1330
Chitty Chitty Bang Bang,1331
Faces,1332
Finian's Rainbow,1333
For Love of Ivy,1334
Funny Girl,1335
Hot Millions,1336
Ice Station Zebra,1337
Isadora,1338
Oliver!,1339
Planet of the Apes,1340
"Rachel, Rachel",1341
Romeo and Juliet,1342
Rosemary's Baby,1343
Star!,1344
The Battle of Algiers,1345
The Fixer,1346
The Fox,1347
The Heart Is a Lonely Hunter,1348
The Lion in Winter,1349
The Odd Couple,1350
The Producers,1351
The Shoes of the Fisherman,1352
The Subject Was Roses,1353
The Thomas Crown Affair,1354
The Young Girls of Rochefort,1355
War and Peace,1356
Wild in the Streets,1357
Alice's Restaurant,1358
Anne of the Thousand Days,1359
Bob & Carol & Ted & Alice,1360
Butch Cassidy and the Sundance Kid,1361
Cactus Flower,1362
Easy Rider,1363
"Gaily, Gaily",1364
"Goodbye, Columbus",1365
"Goodbye, Mr. Chips",1366
"Hello, Dolly!",1367
"Krakatoa, East of Java",1368
Last Summer,1369
Marooned,1370
Midnight Cowboy,1371
Paint Your Wagon,1372
Sweet Charity,1373
The Damned,1374
The Happy Ending,1375
The Prime of Miss Jean Brodie,1376
The Reivers,1377
The Secret of Santa Vittoria,1378
The Sterile Cuckoo,1379
The Wild Bunch,1380
"They Shoot Horses, Don't They?",1381
True Grit,1382
Z,1383
A Boy Named Charlie Brown,1384
Airport,1385
Cromwell,1386
Darling Lili,1387
Diary of a Mad Housewife,1388
Fellini Satyricon,1389
Five Easy Pieces,1390
I Never Sang for My Father,1391
Joe,1392
Let It Be,1393
Little Big Man,1394
Love Story,1395
Lovers and Other Strangers,1396
M*A*S*H,1397
Madron,1398
My Night at Maud's,1399
Patton,1400
Pieces of Dreams,1401
Ryan's Daughter,1402
Scrooge,1403
Sunflower,1404
The Baby Maker,1405
The Great White Hope,1406
The Hawaiians,1407
The Landlord,1408
The Molly Maguires,1409
Tora! Tora! Tora!,1410
Women in Love,1411
Woodstock,1412
A Clockwork Orange,1413
Bedknobs and Broomsticks,1414
Bless the Beasts & Children,1415
Carnal Knowledge,1416
Death in Venice,1417
Diamonds Are Forever,1418
Fiddler on the Roof,1419
Investigation of a Citizen above Suspicion,1420
Klute,1421
Kotch,1422
"Mary, Queen of Scots",1423
McCabe & Mrs. Miller,1424
Nicholas and Alexandra,1425
Shaft,1426
Sometimes a Great Notion,1427
Straw Dogs,1428
Summer of '42,1429
Sunday Bloody Sunday,1430
Tchaikovsky,1431
The Andromeda Strain,1432
The Boy Friend,1433
The Conformist,1434
The French Connection,1435
The Garden of the Finzi Continis,1436
The Go-Between,1437
The Hospital,1438
The Last Picture Show,1439
What's the Matter with Helen?,1440
When Dinosaurs Ruled the Earth,1441
Willy Wonka and the Chocolate Factory,1442
1776,1443
Ben,1444
Butterflies Are Free,1445
Cabaret,1446
Deliverance,1447
Fat City,1448
images,1449
Lady Sings the Blues,1450
Limelight,1451
Man of La Mancha,1452
Murmur of the Heart,1453
Napoleon and Samantha,1454
Pete 'n' Tillie,1455
Sleuth,1456
Sounder,1457
The Candidate,1458
The Discreet Charm of the Bourgeoisie,1459
The Emigrants,1460
The Godfather,1461
The Heartbreak Kid,1462
The Hot Rock,1463
The Life and Times of Judge Roy Bean,1464
The Little Ark,1465
The Poseidon Adventure,1466
The Ruling Class,1467
The Stepmother,1468
Travels with My Aunt,1469
Young Winston,1470
A Touch of Class,1471
American Graffiti,1472
Bang the Drum Slowly,1473
Brother Sun Sister Moon,1474
Cinderella Liberty,1475
Cries and Whispers,1476
Jesus Christ Superstar,1477
Jonathan Livingston Seagull,1478
Last Tango in Paris,1479
Live and Let Die,1480
Ludwig,1481
Paper Moon,1482
Papillon,1483
Robin Hood,1484
Save the Tiger,1485
Serpico,1486
"Summer Wishes, Winter Dreams",1487
The Day of the Dolphin,1488
The Day of the Jackal,1489
The Exorcist,1490
The Last Detail,1491
The Paper Chase,1492
The Sting,1493
The Way We Were,1494
Tom Sawyer,1495
A Woman under the Influence,1496
Alice Doesn't Live Here Anymore,1497
Benji,1498
Blazing Saddles,1499
Chinatown,1500
Claudine,1501
Daisy Miller,1502
Day for Night,1503
Earthquake,1504
Gold,1505
Harry and Tonto,1506
Lenny,1507
Murder on the Orient Express,1508
Phantom of the Paradise,1509
Shanks,1510
The Apprenticeship of Duddy Kravitz,1511
The Conversation,1512
The Godfather Part II,1513
The Great Gatsby,1514
The Island at the Top of the World,1515
The Little Prince,1516
The Longest Yard,1517
The Towering Inferno,1518
Thunderbolt and Lightfoot,1519
Young Frankenstein,1520
Amarcord,1521
And Now My Love,1522
Barry Lyndon,1523
"Birds Do It, Bees Do It",1524
Bite the Bullet,1525
Dog Day Afternoon,1526
"Farewell, My Lovely",1527
Funny Lady,1528
"Give 'em Hell, Harry!",1529
Hedda,1530
Hester Street,1531
Jacqueline Susann's Once Is Not Enough,1532
Jaws,1533
Lies My Father Told Me,1534
Mahogany,1535
Nashville,1536
One Flew over the Cuckoo's Nest,1537
Scent of a Woman,1538
Shampoo,1539
The Day of the Locust,1540
The Four Musketeers,1541
The Hindenburg,1542
The Magic Flute,1543
The Man in the Glass Booth,1544
The Man Who Would Be King,1545
The Other Side of the Mountain,1546
The Story of Adele H.,1547
The Sunshine Boys,1548
The Wind and the Lion,1549
Three Days of the Condor,1550
Tommy,1551
Whiffs,1552
A Star Is Born,1553
All the President's Men,1554
Bound for Glory,1555
Bugsy Malone,1556
Carrie,1557
"Cousin, Cousine",1558
Face to Face,1559
Fellini's Casanova,1560
Half a House,1561
King Kong,1562
Logan's Run,1563
Marathon Man,1564
Network,1565
Obsession,1566
Rocky,1567
Seven Beauties,1568
Silver Streak,1569
Taxi Driver,1570
The Front,1571
The Incredible Sarah,1572
The Last Tycoon,1573
The Omen,1574
The Outlaw Josey Wales,1575
The Passover Plot,1576
The Pink Panther Strikes Again,1577
The Seven-per-cent Solution,1578
The Shootist,1579
Two-Minute Warning,1580
Voyage of the Damned,1581
A Little Night Music,1582
A Special Day,1583
Airport '77,1584
Annie Hall,1585
Close Encounters of the Third Kind,1586
Equus,1587
I Never Promised You a Rose Garden,1588
Islands in the Stream,1589
Julia,1590
Looking for Mr. Goodbar,1591
Mohammad - Messenger of God,1592
"Oh, God!",1593
Pete's Dragon,1594
Saturday Night Fever,1595
Smokey and the Bandit,1596
Sorcerer,1597
Star Wars,1598
That Obscure Object of Desire,1599
The Deep,1600
The Goodbye Girl,1601
The Late Show,1602
The Other Side of Midnight,1603
The Rescuers,1604
The Slipper and the Rose--The Story of Cinderella,1605
The Spy Who Loved Me,1606
The Turning Point,1607
You Light Up My Life,1608
An Unmarried Woman,1609
Autumn Sonata,1610
Bloodbrothers,1611
California Suite,1612
Caravans,1613
Comes a Horseman,1614
Coming Home,1615
Days of Heaven,1616
Death on the Nile,1617
Foul Play,1618
Grease,1619
Heaven Can Wait,1620
Hooper,1621
Interiors,1622
Midnight Express,1623
Pretty Baby,1624
"Same Time, Next Year",1625
Superman,1626
Thank God It's Friday,1627
The Boys from Brazil,1628
The Brink's Job,1629
The Buddy Holly Story,1630
The Deer Hunter,1631
The Magic of Lassie,1632
The Swarm,1633
The Wiz,1634
...And Justice for All,1635
10,1636
1941,1637
A Little Romance,1638
Agatha,1639
Alien,1640
All That Jazz,1641
Apocalypse Now,1642
Being There,1643
Breaking Away,1644
Butch and Sundance: The Early Days,1645
Chapter Two,1646
Ice Castles,1647
Kramer vs. Kramer,1648
La Cage aux Folles,1649
Manhattan,1650
Meteor,1651
Moonraker,1652
Norma Rae,1653
Star Trek - The Motion Picture,1654
Starting Over,1655
The Amityville Horror,1656
The Black Hole,1657
The Black Stallion,1658
The Champ,1659
The China Syndrome,1660
The Electric Horseman,1661
The Europeans,1662
The Muppet Movie,1663
The Promise,1664
The Rose,1665
Altered States,1666
Breaker Morant,1667
Brubaker,1668
Coal Miner's Daughter,1669
Fame,1670
Gloria,1671
Honeysuckle Rose,1672
Inside Moves,1673
Kagemusha (The Shadow Warrior),1674
Melvin and Howard,1675
Mon Oncle D'Amerique,1676
My Brilliant Career,1677
Nine to Five,1678
Ordinary People,1679
Private Benjamin,1680
Raging Bull,1681
Resurrection,1682
Somewhere in Time,1683
Tess,1684
The Blue Lagoon,1685
The Competition,1686
The Elephant Man,1687
The Empire Strikes Back,1688
The Formula,1689
The Great Santini,1690
The Stunt Man,1691
Tribute,1692
When Time Ran Out,1693
Absence of Malice,1694
An American Werewolf in London,1695
Arthur,1696
Atlantic City,1697
Chariots of Fire,1698
Dragonslayer,1699
Endless Love,1700
Excalibur,1701
For Your Eyes Only,1702
Heartbeeps,1703
Heaven's Gate,1704
On Golden Pond,1705
Only When I Laugh,1706
Outland,1707
Pennies from Heaven,1708
Prince of the City,1709
Ragtime,1710
Raiders of the Lost Ark,1711
Reds,1712
The French Lieutenant's Woman,1713
The Great Muppet Caper,1714
An Officer and a Gentleman,1715
Annie,1716
Best Friends,1717
Blade Runner,1718
Das Boot,1719
Diner,1720
E.T. The Extra-Terrestrial,1721
Frances,1722
Gandhi,1723
La Traviata,1724
Missing,1725
My Favorite Year,1726
One from the Heart,1727
Poltergeist,1728
Quest for Fire,1729
Rocky III,1730
Sophie's Choice,1731
The Best Little Whorehouse in Texas,1732
The Verdict,1733
The World According to Garp,1734
Tootsie,1735
Tron,1736
Victor/Victoria,1737
"Yes, Giorgio",1738
Betrayal,1739
Blue Thunder,1740
Cross Creek,1741
Educating Rita,1742
Fanny & Alexander,1743
Flashdance,1744
Heart Like a Wheel,1745
Never Cry Wolf,1746
Return of the Jedi,1747
"Reuben, Reuben",1748
Silkwood,1749
Tender Mercies,1750
Terms of Endearment,1751
Testament,1752
The Big Chill,1753
The Dresser,1754
The Return of Martin Guerre,1755
The Right Stuff,1756
The Sting II,1757
The Year of Living Dangerously,1758
To Be or Not to Be,1759
Trading Places,1760
Under Fire,1761
WarGames,1762
Yentl,1763
Zelig,1764
2010,1765
A Passage to India,1766
A Soldier's Story,1767
Against All Odds,1768
Amadeus,1769
Beverly Hills Cop,1770
Broadway Danny Rose,1771
Country,1772
Dune,1773
El Norte,1774
Footloose,1775
Ghostbusters,1776
"Greystoke: The Legend of Tarzan, Lord of the Apes",1777
Indiana Jones and the Temple of Doom,1778
Places in the Heart,1779
Purple Rain,1780
Romancing the Stone,1781
Songwriter,1782
Splash,1783
Starman,1784
Swing Shift,1785
The Bostonians,1786
The Cotton Club,1787
The Karate Kid,1788
The Killing Fields,1789
The Muppets Take Manhattan,1790
The Natural,1791
The Pope of Greenwich Village,1792
The River,1793
The Woman in Red,1794
Under the Volcano,1795
A Chorus Line,1796
Agnes of God,1797
Back to the Future,1798
Brazil,1799
Cocoon,1800
Jagged Edge,1801
Kiss of the Spider Woman,1802
Ladyhawke,1803
Mask,1804
Murphy's Romance,1805
Out of Africa,1806
Prizzi's Honor,1807
Rambo: First Blood Part II,1808
Ran,1809
Remo Williams: The Adventure Begins,1810
Return to Oz,1811
Runaway Train,1812
Silverado,1813
Sweet Dreams,1814
The Color Purple,1815
The Journey of Natty Gann,1816
The Official Story,1817
The Purple Rose of Cairo,1818
The Trip to Bountiful,1819
Twice in a Lifetime,1820
White Nights,1821
Witness,1822
Young Sherlock Holmes,1823
'Crocodile' Dundee,1824
'Round Midnight,1825
A Room with a View,1826
Aliens,1827
An American Tail,1828
Blue Velvet,1829
Children of a Lesser God,1830
Crimes of the Heart,1831
Hannah and Her Sisters,1832
Heartbreak Ridge,1833
Hoosiers,1834
Legend,1835
Little Shop of Horrors,1836
Mona Lisa,1837
My Beautiful Laundrette,1838
Otello,1839
Peggy Sue Got Married,1840
Pirates,1841
Platoon,1842
Poltergeist II: The Other Side,1843
Salvador,1844
Stand by Me,1845
Star Trek IV: The Voyage Home,1846
That's Life,1847
The Clan of the Cave Bear,1848
The Color of Money,1849
The Fly,1850
The Karate Kid Part II,1851
The Mission,1852
The Morning After,1853
Top Gun,1854
Anna,1855
"Au Revoir Les Enfants (Goodbye, Children)",1856
Beverly Hills Cop II,1857
Broadcast News,1858
Cry Freedom,1859
Dark Eyes,1860
Dirty Dancing,1861
Empire of the Sun,1862
Fatal Attraction,1863
Full Metal Jacket,1864
Gaby - A True Story,1865
"Good Morning, Vietnam",1866
Happy New Year,1867
Harry and the Hendersons,1868
Hope and Glory,1869
Innerspace,1870
Ironweed,1871
Lethal Weapon,1872
Mannequin,1873
Matewan,1874
Maurice,1875
Moonstruck,1876
My Life as a Dog,1877
Predator,1878
Radio Days,1879
RoboCop,1880
Street Smart,1881
The Dead,1882
The Last Emperor,1883
The Princess Bride,1884
The Untouchables,1885
The Whales of August,1886
The Witches of Eastwick,1887
Throw Momma from the Train,1888
Wall Street,1889
A Cry in the Dark,1890
A Fish Called Wanda,1891
A Handful of Dust,1892
Bagdad Cafe,1893
Beaches,1894
Beetlejuice,1895
Big,1896
Bird,1897
Bull Durham,1898
Buster,1899
Coming to America,1900
Dangerous Liaisons,1901
Die Hard,1902
Gorillas in the Mist,1903
Little Dorrit,1904
Married to the Mob,1905
Mississippi Burning,1906
Pelle the Conqueror,1907
Rain Man,1908
Running on Empty,1909
Scrooged,1910
Stand and Deliver,1911
Sunset,1912
Tequila Sunrise,1913
The Accidental Tourist,1914
The Accused,1915
The Last Temptation of Christ,1916
The Milagro Beanfield War,1917
The Unbearable Lightness of Being,1918
Tucker The Man and His Dream,1919
Who Framed Roger Rabbit,1920
Willow,1921
Working Girl,1922
A Dry White Season,1923
Back to the Future Part II,1924
Batman,1925
Black Rain,1926
Blaze,1927
Born on the Fourth of July,1928
Camille Claudel,1929
Chances Are,1930
Crimes and Misdemeanors,1931
Dad,1932
Dead Poets Society,1933
Do the Right Thing,1934
Driving Miss Daisy,1935
"Enemies, A Love Story",1936
Field of Dreams,1937
Glory,1938
Harlem Nights,1939
Henry V,1940
Indiana Jones and the Last Crusade,1941
Lethal Weapon 2,1942
Music Box,1943
My Left Foot,1944
Parenthood,1945
"sex, lies, and videotape",1946
Shirley Valentine,1947
Steel Magnolias,1948
The Abyss,1949
The Adventures of Baron Munchausen,1950
The Bear,1951
The Fabulous Baker Boys,1952
The Little Mermaid,1953
Valmont,1954
When Harry Met Sally...,1955
Alice,1956
Avalon,1957
Awakenings,1958
Cyrano de Bergerac,1959
Dances With Wolves,1960
Days of Thunder,1961
Dick Tracy,1962
Edward Scissorhands,1963
Flatliners,1964
Ghost,1965
Good Fellas,1966
Green Card,1967
Hamlet,1968
Havana,1969
Henry & June,1970
Home Alone,1971
Longtime Companion,1972
Metropolitan,1973
Misery,1974
Mr. & Mrs. Bridge,1975
Postcards from the Edge,1976
Pretty Woman,1977
Reversal of Fortune,1978
The Field,1979
"The Godfather, Part III",1980
The Grifters,1981
The Hunt for Red October,1982
Total Recall,1983
Wild at Heart,1984
Young Guns II,1985
Backdraft,1986
Barton Fink,1987
Beauty and the Beast,1988
Boyz N the Hood,1989
Bugsy,1990
Cape Fear,1991
City Slickers,1992
Europa Europa,1993
For the Boys,1994
Fried Green Tomatoes,1995
Grand Canyon,1996
Hook,1997
JFK,1998
Madame Bovary,1999
Rambling Rose,2000
Robin Hood: Prince of Thieves,2001
Star Trek VI The Undiscovered Country,2002
Terminator 2: Judgment Day,2003
The Addams Family,2004
The Commitments,2005
The Fisher King,2006
The Prince of Tides,2007
The Silence of the Lambs,2008
Thelma & Louise,2009
A Few Good Men,2010
A River Runs through It,2011
Aladdin,2012
Alien 3,2013
Basic Instinct,2014
Batman Returns,2015
Bram Stoker's Dracula,2016
Chaplin,2017
Damage,2018
Death Becomes Her,2019
Enchanted April,2020
Glengarry Glen Ross,2021
Hoffa,2022
Howards End,2023
Husbands and Wives,2024
Indochine,2025
Lorenzo's Oil,2026
Love Field,2027
Malcolm X,2028
Mr. Saturday Night,2029
My Cousin Vinny,2030
Passion Fish,2031
Scent of a Woman,2032
The Bodyguard,2033
The Crying Game,2034
The Last of the Mohicans,2035
The Lover,2036
The Mambo Kings,2037
The Player,2038
Toys,2039
Under Siege,2040
Unforgiven,2041
Addams Family Values,2042
Beethoven's 2nd,2043
Cliffhanger,2044
Dave,2045
Farewell My Concubine,2046
Fearless,2047
Geronimo: An American Legend,2048
In the Line of Fire,2049
In the Name of the Father,2050
Jurassic Park,2051
Mrs. Doubtfire,2052
Orlando,2053
Philadelphia,2054
Poetic Justice,2055
Schindler's List,2056
Searching for Bobby Fischer,2057
Shadowlands,2058
Short Cuts,2059
Six Degrees of Separation,2060
Sleepless in Seattle,2061
The Age of Innocence,2062
The Firm,2063
The Fugitive,2064
The Nightmare before Christmas,2065
The Piano,2066
The Remains of the Day,2067
What's Eating Gilbert Grape,2068
What's Love Got to Do with It,2069
Blue Sky,2070
Bullets over Broadway,2071
Clear and Present Danger,2072
Ed Wood,2073
Forrest Gump,2074
Four Weddings and a Funeral,2075
Heavenly Creatures,2076
Hoop Dreams,2077
Interview with the Vampire,2078
Junior,2079
Legends of the Fall,2080
Little Women,2081
Mary Shelley's Frankenstein,2082
Maverick,2083
Nell,2084
Nobody's Fool,2085
Pulp Fiction,2086
Queen Margot,2087
Quiz Show,2088
Red,2089
Speed,2090
"The Adventures of Priscilla, Queen of the Desert",2091
The Client,2092
The Lion King,2093
The Madness of King George,2094
The Mask,2095
The Paper,2096
The Shawshank Redemption,2097
Tom & Viv,2098
True Lies,2099
Wyatt Earp,2100
12 Monkeys,2101
A Little Princess,2102
Apollo 13,2103
Babe,2104
Batman Forever,2105
Braveheart,2106
Casino,2107
Crimson Tide,2108
Dead Man Walking,2109
Don Juan DeMarco,2110
Georgia,2111
Leaving Las Vegas,2112
Mighty Aphrodite,2113
Mr. Holland's Opus,2114
"My Family, Mi Familia",2115
Nixon,2116
Pocahontas,2117
Restoration,2118
Richard III,2119
Rob Roy,2120
Roommates,2121
Sabrina,2122
Sense and Sensibility,2123
Seven,2124
Shanghai Triad,2125
The American President,2126
The Bridges of Madison County,2127
The Postman (Il Postino),2128
The Usual Suspects,2129
Toy Story,2130
Unstrung Heroes,2131
Waterworld,2132
Angels and Insects,2133
Breaking the Waves,2134
Daylight,2135
Dragonheart,2136
Emma,2137
Eraser,2138
Evita,2139
Fargo,2140
Fly Away Home,2141
Ghosts of Mississippi,2142
Hamlet,2143
Independence Day,2144
James and the Giant Peach,2145
Jerry Maguire,2146
Lone Star,2147
Marvin's Room,2148
Michael Collins,2149
One Fine Day,2150
Primal Fear,2151
Secrets & Lies,2152
Shine,2153
Sleepers,2154
Sling Blade,2155
Star Trek: First Contact,2156
That Thing You Do!,2157
The Birdcage,2158
The Crucible,2159
The English Patient,2160
The First Wives Club,2161
The Ghost and the Darkness,2162
The Hunchback of Notre Dame,2163
The Mirror Has Two Faces,2164
The Nutty Professor,2165
The People vs. Larry Flynt,2166
The Portrait of a Lady,2167
The Preacher's Wife,2168
The Rock,2169
Trainspotting,2170
Twister,2171
Up Close and Personal,2172
William Shakespeare's Romeo & Juliet,2173
Afterglow,2174
Air Force One,2175
Amistad,2176
Anastasia,2177
As Good as It Gets,2178
Boogie Nights,2179
Con Air,2180
Contact,2181
Deconstructing Harry,2182
Donnie Brasco,2183
Face/Off,2184
Gattaca,2185
Good Will Hunting,2186
Hercules,2187
In & Out,2188
Jackie Brown,2189
Kundun,2190
L.A. Confidential,2191
Men in Black,2192
Mrs. Brown,2193
My Best Friend's Wedding,2194
Oscar and Lucinda,2195
Starship Troopers,2196
The Apostle,2197
The Fifth Element,2198
The Full Monty,2199
The Lost World: Jurassic Park,2200
The Sweet Hereafter,2201
The Wings of the Dove,2202
Titanic,2203
Ulee's Gold,2204
Wag the Dog,2205
A Bug's Life,2206
A Civil Action,2207
A Simple Plan,2208
Affliction,2209
American History X,2210
Armageddon,2211
Babe: Pig in the City,2212
Beloved,2213
Bulworth,2214
Central Station,2215
Elizabeth,2216
Gods and Monsters,2217
Hilary and Jackie,2218
Life Is Beautiful,2219
Little Voice,2220
Mighty Joe Young,2221
Mulan,2222
One True Thing,2223
Out of Sight,2224
Patch Adams,2225
Pleasantville,2226
Primary Colors,2227
Quest for Camelot,2228
Saving Private Ryan,2229
Shakespeare in Love,2230
The Horse Whisperer,2231
The Mask of Zorro,2232
The Prince of Egypt,2233
The Thin Red Line,2234
The Truman Show,2235
Velvet Goldmine,2236
What Dreams May Come,2237
American Beauty,2238
Angela's Ashes,2239
Anna and the King,2240
Austin Powers: The Spy Who Shagged Me,2241
Being John Malkovich,2242
Bicentennial Man,2243
Boys Don't Cry,2244
Election,2245
Fight Club,2246
"Girl, Interrupted",2247
Life,2248
Magnolia,2249
Music of the Heart,2250
Sleepy Hollow,2251
Snow Falling on Cedars,2252
"South Park: Bigger, Longer & Uncut",2253
Star Wars Episode I: The Phantom Menace,2254
Stuart Little,2255
Sweet and Lowdown,2256
Tarzan,2257
The Cider House Rules,2258
The End of the Affair,2259
The Green Mile,2260
The Hurricane,2261
The Insider,2262
The Matrix,2263
The Mummy,2264
The Red Violin,2265
The Sixth Sense,2266
The Straight Story,2267
The Talented Mr. Ripley,2268
Titus,2269
Topsy-Turvy,2270
Toy Story 2,2271
Tumbleweeds,2272
102 Dalmatians,2273
Almost Famous,2274
Before Night Falls,2275
Billy Elliot,2276
Cast Away,2277
Chocolat,2278
"Crouching Tiger, Hidden Dragon",2279
Dancer in the Dark,2280
Dr. Seuss' How the Grinch Stole Christmas,2281
Erin Brockovich,2282
Gladiator,2283
Hollow Man,2284
Mal<e8>na,2285
Meet the Parents,2286
"O Brother, Where Art Thou?",2287
Pollock,2288
Quills,2289
Requiem for a Dream,2290
Shadow of the Vampire,2291
Space Cowboys,2292
The Cell,2293
The Contender,2294
The Emperor's New Groove,2295
The Patriot,2296
The Perfect Storm,2297
Traffic,2298
U-571,2299
Vatel,2300
Wonder Boys,2301
You Can Count on Me,2302
A Beautiful Mind,2303
A.I. Artificial Intelligence,2304
Ali,2305
Am<e9>lie,2306
Black Hawk Down,2307
Bridget Jones's Diary,2308
Ghost World,2309
Gosford Park,2310
Harry Potter and the Sorcerer's Stone,2311
I Am Sam,2312
In the Bedroom,2313
Iris,2314
Kate & Leopold,2315
Memento,2316
Monster's Ball,2317
"Monsters, Inc.",2318
Moulin Rouge,2319
Mulholland Drive,2320
Pearl Harbor,2321
Sexy Beast,2322
Shrek,2323
The Affair of the Necklace,2324
The Lord of the Rings: The Fellowship of the Ring,2325
The Man Who Wasn't There,2326
The Royal Tenenbaums,2327
Training Day,2328
Vanilla Sky,2329
8 Mile,2330
About a Boy,2331
About Schmidt,2332
Adaptation,2333
Catch Me If You Can,2334
Chicago,2335
Far from Heaven,2336
Frida,2337
Gangs of New York,2338
Minority Report,2339
My Big Fat Greek Wedding,2340
Road to Perdition,2341
Spider-Man,2342
Star Wars Episode II Attack of the Clones,2343
Talk to Her,2344
The Hours,2345
The Lord of the Rings: The Two Towers,2346
The Pianist,2347
The Quiet American,2348
The Time Machine,2349
The Wild Thornberrys Movie,2350
Unfaithful,2351
Y Tu Mam<e1> Tambi<e9>n,2352
21 Grams,2353
A Mighty Wind,2354
American Splendor,2355
Big Fish,2356
City of God,2357
Cold Mountain,2358
Dirty Pretty Things,2359
Finding Nemo,2360
Girl with a Pearl Earring,2361
House of Sand and Fog,2362
In America,2363
Lost in Translation,2364
Master and Commander: The Far Side of the World,2365
Monster,2366
Mystic River,2367
Pieces of April,2368
Pirates of the Caribbean: The Curse of the Black Pearl,2369
Seabiscuit,2370
Something's Gotta Give,2371
The Barbarian Invasions,2372
The Cooler,2373
The Last Samurai,2374
The Lord of the Rings: The Return of the King,2375
The Triplets of Belleville,2376
Thirteen,2377
Whale Rider,2378
A Very Long Engagement,2379
Before Sunset,2380
Being Julia,2381
Closer,2382
Collateral,2383
Eternal Sunshine of the Spotless Mind,2384
Finding Neverland,2385
Harry Potter and the Prisoner of Azkaban,2386
Hotel Rwanda,2387
House of Flying Daggers,2388
"I, Robot",2389
Kinsey,2390
Lemony Snicket's A Series of Unfortunate Events,2391
Maria Full of Grace,2392
Million Dollar Baby,2393
Ray,2394
Shrek 2,2395
Sideways,2396
Spider-Man 2,2397
The Aviator,2398
The Chorus (Les Choristes),2399
The Incredibles,2400
The Motorcycle Diaries,2401
The Passion of the Christ,2402
The Phantom of the Opera,2403
The Polar Express,2404
The Sea Inside,2405
The Village,2406
Troy,2407
Vera Drake,2408
A History of Violence,2409
Batman Begins,2410
Brokeback Mountain,2411
Capote,2412
Charlie and the Chocolate Factory,2413
Cinderella Man,2414
Crash,2415
"Good Night, and Good Luck.",2416
Harry Potter and the Goblet of Fire,2417
Hustle & Flow,2418
Junebug,2419
King Kong,2420
Match Point,2421
Memoirs of a Geisha,2422
Mrs. Henderson Presents,2423
Munich,2424
North Country,2425
Pride & Prejudice,2426
Star Wars: Episode III Revenge of the Sith,2427
Syriana,2428
"The Chronicles of Narnia: The Lion, the Witch and the Wardrobe",2429
The Constant Gardener,2430
The New World,2431
The Squid and the Whale,2432
Transamerica,2433
Walk the Line,2434
War of the Worlds,2435
An Inconvenient Truth,2436
Apocalypto,2437
Babel,2438
Blood Diamond,2439
Cars,2440
Children of Men,2441
Click,2442
Curse of the Golden Flower,2443
Dreamgirls,2444
Flags of Our Fathers,2445
Half Nelson,2446
Letters from Iwo Jima,2447
Little Children,2448
Little Miss Sunshine,2449
Marie Antoinette,2450
Notes on a Scandal,2451
Pan's Labyrinth,2452
Pirates of the Caribbean: Dead Man's Chest,2453
Poseidon,2454
Superman Returns,2455
The Black Dahlia,2456
The Departed,2457
The Devil Wears Prada,2458
The Good German,2459
The Good Shepherd,2460
The Illusionist,2461
The Last King of Scotland,2462
The Prestige,2463
The Pursuit of Happyness,2464
The Queen,2465
United 93,2466
Venus,2467
Volver,2468
3:10 to Yuma,2469
Across the Universe,2470
American Gangster,2471
Atonement,2472
August Rush,2473
Away from Her,2474
Charlie Wilson's War,2475
Eastern Promises,2476
Elizabeth: The Golden Age,2477
Enchanted,2478
Gone Baby Gone,2479
I'm Not There,2480
In the Valley of Elah,2481
Into the Wild,2482
Juno,2483
La Vie en Rose,2484
Lars and the Real Girl,2485
Michael Clayton,2486
No Country for Old Men,2487
Norbit,2488
Once,2489
Pirates of the Caribbean: At World's End,2490
Ratatouille,2491
Sweeney Todd The Demon Barber of Fleet Street,2492
The Assassination of Jesse James by the Coward Robert Ford,2493
The Bourne Ultimatum,2494
The Diving Bell and the Butterfly,2495
The Golden Compass,2496
The Kite Runner,2497
The Savages,2498
There Will Be Blood,2499
Transformers,2500
Australia,2501
Changeling,2502
Defiance,2503
Doubt,2504
Frost/Nixon,2505
Frozen River,2506
Happy-Go-Lucky,2507
Hellboy II: The Golden Army,2508
In Bruges,2509
Iron Man,2510
Milk,2511
Rachel Getting Married,2512
Revolutionary Road,2513
Slumdog Millionaire,2514
The Curious Case of Benjamin Button,2515
The Dark Knight,2516
The Duchess,2517
The Reader,2518
The Visitor,2519
The Wrestler,2520
Tropic Thunder,2521
Vicky Cristina Barcelona,2522
WALL-E,2523
Wanted,2524
A Serious Man,2525
A Single Man,2526
An Education,2527
Avatar,2528
Bright Star,2529
Coco before Chanel,2530
Crazy Heart,2531
District 9,2532
Fantastic Mr. Fox,2533
Harry Potter and the Half-Blood Prince,2534
Il Divo,2535
In the Loop,2536
Inglourious Basterds,2537
Invictus,2538
Julie & Julia,2539
Nine,2540
Paris 36,2541
Precious: Based on the Novel 'Push' by Sapphire,2542
Sherlock Holmes,2543
Star Trek,2544
The Blind Side,2545
The Hurt Locker,2546
The Imaginarium of Doctor Parnassus,2547
The Last Station,2548
The Lovely Bones,2549
The Messenger,2550
The Princess and the Frog,2551
The White Ribbon,2552
The Young Victoria,2553
Transformers: Revenge of the Fallen,2554
Up,2555
Up in the Air,2556
127 Hours,2557
Alice in Wonderland,2558
Animal Kingdom,2559
Another Year,2560
Barney's Version,2561
Biutiful,2562
Black Swan,2563
Blue Valentine,2564
Country Strong,2565
Harry Potter and the Deathly Hallows Part 1,2566
Hereafter,2567
How to Train Your Dragon,2568
I Am Love,2569
Inception,2570
Iron Man 2,2571
Rabbit Hole,2572
Salt,2573
Tangled,2574
The Fighter,2575
The Kids Are All Right,2576
The King's Speech,2577
The Social Network,2578
The Tempest,2579
The Town,2580
The Way Back,2581
The Wolfman,2582
Toy Story 3,2583
Tron: Legacy,2584
True Grit,2585
Unstoppable,2586
Winter's Bone,2587
A Better Life,2588
A Separation,2589
Albert Nobbs,2590
Anonymous,2591
Beginners,2592
Bridesmaids,2593
Drive,2594
Extremely Loud & Incredibly Close,2595
Harry Potter and the Deathly Hallows Part 2,2596
Hugo,2597
Jane Eyre,2598
Man Or Muppet from The Muppets,2599
Margin Call,2600
Midnight in Paris,2601
Moneyball,2602
My Week with Marilyn,2603
Real In Rio from Rio,2604
Real Steel,2605
Rise of the Planet of the Apes,2606
The Adventures of Tintin,2607
The Artist,2608
The Descendants,2609
The Girl with the Dragon Tattoo,2610
The Help,2611
The Ides of March,2612
The Iron Lady,2613
The Tree of Life,2614
Tinker Tailor Soldier Spy,2615
Transformers: Dark of the Moon,2616
W.E.,2617
War Horse,2618
Warrior,2619
Amour,2620
Anna Karenina,2621
Argo,2622
Beasts of the Southern Wild,2623
Before My Time from Chasing Ice,2624
Django Unchained,2625
Everybody Needs A Best Friend from Ted,2626
Flight,2627
Les Misrables,2628
Life of Pi,2629
Lincoln,2630
Marvel's The Avengers,2631
Mirror Mirror,2632
Moonrise Kingdom,2633
Pi's Lullaby from Life of Pi,2634
Prometheus,2635
Silver Linings Playbook,2636
Skyfall,2637
Skyfall from Skyfall,2638
Snow White and the Huntsman,2639
Suddenly from Les Misrables,2640
The Hobbit: An Unexpected Journey,2641
The Impossible,2642
The Master,2643
The Sessions,2644
Zero Dark Thirty,2645
12 Years a Slave,2646
All Is Lost,2647
Alone Yet Not Alone from Alone Yet Not Alone,2648
American Hustle,2649
August: Osage County,2650
Before Midnight,2651
Blue Jasmine,2652
Captain Phillips,2653
Dallas Buyers Club,2654
Gravity,2655
Happy from Despicable Me 2,2656
Her,2657
Inside Llewyn Davis,2658
Iron Man 3,2659
Let It Go from Frozen,2660
Lone Survivor,2661
Nebraska,2662
Ordinary Love from Mandela: Long Walk to Freedom,2663
Philomena,2664
Prisoners,2665
Saving Mr. Banks,2666
Star Trek Into Darkness,2667
The Book Thief,2668
The Grandmaster,2669
The Great Gatsby,2670
The Hobbit: The Desolation of Smaug,2671
The Invisible Woman,2672
The Lone Ranger,2673
The Moon Song from Her,2674
The Wolf of Wall Street,2675
American Sniper,2676
Birdman or (The Unexpected Virtue of Ignorance),2677
Boyhood,2678
Captain America: The Winter Soldier,2679
Dawn of the Planet of the Apes,2680
Everything Is Awesome from The Lego Movie,2681
Foxcatcher,2682
Glory from Selma,2683
Gone Girl,2684
Grateful from Beyond the Lights,2685
Guardians of the Galaxy,2686
I'm Not Gonna Miss You from Glen Campbell...I'll Be Me,2687
Ida,2688
Inherent Vice,2689
Interstellar,2690
Into the Woods,2691
Lost Stars from Begin Again,2692
Maleficent,2693
Mr. Turner,2694
Nightcrawler,2695
Selma,2696
Still Alice,2697
The Grand Budapest Hotel,2698
The Hobbit: The Battle of the Five Armies,2699
The Imitation Game,2700
The Judge,2701
The Theory of Everything,2702
"Two Days, One Night",2703
Unbroken,2704
Whiplash,2705
Wild,2706
X-Men: Days of Future Past,2707
Bicycle Thieves,2708
All About Eve,2709
The Sound Barrier,2710
The Wages of Fear,2711
Gervaise,2712
Dr. Strangelove,2713
Who's Afraid of Virginia Woolf,2714
Lacombe Lucien,2715
One Flew Over the Cuckoo's Nest,2716
Jean de Florette,2717
Goodfellas,2718
The Kings Speech,2719
Thirteen Conversations About One Thing,2720
Kill Bill: Volume 1,2721
(500) Days of Summer,2722
Scott Pilgrim vs. the World,2723
Edge of Tomorrow,2724
Riding Alone for Thousands of Miles (Qian li zou dan qi),2725
Ondine,2726
Take Shelter,2727
Stepmom,2728
The Upside of Anger,2729
Trucker,2730
Another Earth,2731
Take This Waltz,2732
Hero (Ying xiong),2733
The Road,2734
To the Wonder,2735
